{"cameraMode":{"drawMode":0,"name":"Shaded","section":"Shading Mode"},"sceneLighting":true,"audioPlay":false,"sceneViewState":{"m_AlwaysRefresh":false,"showFog":true,"showSkybox":true,"showFlares":true,"showImageEffects":true,"showParticleSystems":true,"showVisualEffectGraphs":true,"m_FxEnabled":true},"in2DMode":false,"pivot":{"x":131.11651611328126,"y":8.207381248474121,"z":0.019690843299031259},"rotation":{"x":-0.12981338798999787,"y":-0.7831062078475952,"z":0.1745893806219101,"w":-0.5826412439346314},"size":104.3985595703125,"orthographic":false}