{"cameraMode":{"drawMode":0,"name":"Shaded","section":"Shading Mode"},"sceneLighting":true,"audioPlay":false,"sceneViewState":{"m_AlwaysRefresh":false,"showFog":true,"showSkybox":true,"showFlares":true,"showImageEffects":true,"showParticleSystems":true,"showVisualEffectGraphs":true,"m_FxEnabled":true},"in2DMode":false,"pivot":{"x":209.2014923095703,"y":6.1323089599609379,"z":24.790130615234376},"rotation":{"x":0.22089795768260957,"y":0.1612233966588974,"z":-0.03705819323658943,"w":0.9611770510673523},"size":8.191386222839356,"orthographic":false}